"","Network","Hub","Non-Hub"," ","PM","NM","NS"
"1","Azpeitia2013_initialRSCN_GRN","JKD","SHR"," ","SHR","JKD","MGP"
"2"," ","SYS","SCR"," ","SCR","IAA5","WOX5"
"3"," "," ","MGP"," ","miRNA165","SYS","CLE"
"4"," "," ","miRNA165"," ","PHB","CYA","ACR"
"5"," "," ","PHB"," ","Auxin"," ","PYI5"
"6"," "," ","Auxin"," "," "," "," "
"7"," "," ","IAA5"," "," "," "," "
"8"," "," ","WOX5"," "," "," "," "
"9"," "," ","CLE"," "," "," "," "
"10"," "," ","ACR"," "," "," "," "
"11"," "," ","CYA"," "," "," "," "
"12"," "," ","PYI5"," "," "," "," "
"13"," "," "," "," "," "," "," "
"14","Brandon2015","HapX","hapX"," ","hapX","LIP","MirB"
"15"," ","SreA","sreA"," ","sreA","FCposFe","TAFC"
"16"," ","LIP","RIA"," ","HapX","VAC","ICP"
"17"," ","ROS","EstB"," ","SreA","ROS","CccA"
"18"," "," ","MirB"," ","RIA"," ","SOD3"
"19"," "," ","SidA"," ","EstB"," ","Cat12"
"20"," "," ","TAFC"," ","SidA"," ","ThP"
"21"," "," ","ICP"," ","FCnegFe"," ","Iron"
"22"," "," ","CccA"," ","Yap1"," ","Superoxide"
"23"," "," ","FCnegFe"," "," "," "," "
"24"," "," ","FCposFe"," "," "," "," "
"25"," "," ","VAC"," "," "," "," "
"26"," "," ","Yap1"," "," "," "," "
"27"," "," ","SOD3"," "," "," "," "
"28"," "," ","Cat12"," "," "," "," "
"29"," "," ","ThP"," "," "," "," "
"30"," "," ","Iron"," "," "," "," "
"31"," "," ","Superoxide"," "," "," "," "
"32"," "," "," "," "," "," "," "
"33","Calzone2010","NFkB","TNF"," ","SMAC","apoptosome","TNF"
"34"," "," ","FADD"," ","ATP","cIAP","FADD"
"35"," "," ","FASL"," ","CASP3","RIP1","FASL"
"36"," "," ","apoptosome"," ","MPT","BCL2","RIP1k"
"37"," "," ","RIP1k"," ","cFLIP","XIAP","NonACD"
"38"," "," ","cIAP"," ","IKK","ROS","DISCTNF"
"39"," "," ","RIP1"," ","RIP1ub","TNFR","apoptosis"
"40"," "," ","SMAC"," ","MOMP","CASP8","DISCFAS"
"41"," "," ","NonACD"," "," ","NFkB","Cytc"
"42"," "," ","DISCTNF"," "," ","BAX","survival"
"43"," "," ","BCL2"," "," "," "," "
"44"," "," ","apoptosis"," "," "," "," "
"45"," "," ","XIAP"," "," "," "," "
"46"," "," ","ATP"," "," "," "," "
"47"," "," ","CASP3"," "," "," "," "
"48"," "," ","ROS"," "," "," "," "
"49"," "," ","DISCFAS"," "," "," "," "
"50"," "," ","TNFR"," "," "," "," "
"51"," "," ","Cytc"," "," "," "," "
"52"," "," ","MPT"," "," "," "," "
"53"," "," ","cFLIP"," "," "," "," "
"54"," "," ","survival"," "," "," "," "
"55"," "," ","CASP8"," "," "," "," "
"56"," "," ","IKK"," "," "," "," "
"57"," "," ","RIP1ub"," "," "," "," "
"58"," "," ","MOMP"," "," "," "," "
"59"," "," ","BAX"," "," "," "," "
"60"," "," "," "," "," "," "," "
"61","Cohen2015","p73","DNAdamage"," ","miR203","p73","DNAdamage"
"62"," ","miR203","ECM"," ","ERK","p53","ECM"
"63"," ","p21","EMT"," ","CTNNB1","SNAI2","p21"
"64"," ","ERK","Invasion"," ","TWIST1","SNAI1","Apoptosis"
"65"," ","Apoptosis","DKK1"," ","TGFbeta","miR34","EMT"
"66"," ","p53","Metastasis"," ","miR200","p63","GF"
"67"," ","CTNNB1","VIM"," ","ZEB2","NICD","Invasion"
"68"," ","SNAI2"," "," ","Migration","AKT2","CellCycleArrest"
"69"," ","TWIST1"," "," ","CDH1","ZEB1","DKK1"
"70"," ","SNAI1"," "," ","CDH2","SMAD","Metastasis"
"71"," ","miR34"," "," ","AKT1"," ","VIM"
"72"," ","p63"," "," "," "," "," "
"73"," ","TGFbeta"," "," "," "," "," "
"74"," ","miR200"," "," "," "," "," "
"75"," ","NICD"," "," "," "," "," "
"76"," ","AKT2"," "," "," "," "," "
"77"," ","ZEB2"," "," "," "," "," "
"78"," ","GF"," "," "," "," "," "
"79"," ","Migration"," "," "," "," "," "
"80"," ","CDH1"," "," "," "," "," "
"81"," ","CellCycleArrest"," "," "," "," "," "
"82"," ","ZEB1"," "," "," "," "," "
"83"," ","CDH2"," "," "," "," "," "
"84"," ","AKT1"," "," "," "," "," "
"85"," ","SMAD"," "," "," "," "," "
"86"," "," "," "," "," "," "," "
"87","Dahlhaus2016","Cytokinesis","CentrosomeMat"," ","CentrosomeMat","SpindleAssembly","GSK3b"
"88"," ","AURKAActive","SpindleAssembly"," ","AURKAPresent","Cytokinesis","AJUBA"
"89"," ","CDK1CCNBComplex","AURKAPresent"," ","GWL_MASTL","AURKAActive","MTCanAct"
"90"," ","PLK1","GSK3b"," ","ENSA","CDK1CCNBComplex","STMNCanAct"
"91"," "," ","AJUBA"," ","PLK1","TPX2","CDC25B"
"92"," "," ","MTCanAct"," ","PP1"," ","BORA"
"93"," "," ","STMNCanAct"," ","PP2A"," ","hCPEB"
"94"," "," ","CDC25B"," ","STMN"," ","MT"
"95"," "," ","BORA"," "," "," ","NEDD9"
"96"," "," ","GWL_MASTL"," "," "," ","WEE1"
"97"," "," ","hCPEB"," "," "," "," "
"98"," "," ","MT"," "," "," "," "
"99"," "," ","NEDD9"," "," "," "," "
"100"," "," ","ENSA"," "," "," "," "
"101"," "," ","PP1"," "," "," "," "
"102"," "," ","PP2A"," "," "," "," "
"103"," "," ","STMN"," "," "," "," "
"104"," "," ","TPX2"," "," "," "," "
"105"," "," ","WEE1"," "," "," "," "
"106"," "," "," "," "," "," "," "
"107","Davila-Velderrain2015","AG","AP2"," ","EMF1","AG","FT"
"108"," ","AP1","EMF1"," ","LFY","AP1","FUL"
"109"," ","AP3","FT"," ","SEP","AP2","PI"
"110"," ","LFY","FUL"," ","TFL1","AP3","WUS"
"111"," ","PI","SEP"," "," "," ","UFO"
"112"," ","TFL1","WUS"," "," "," "," "
"113"," "," ","UFO"," "," "," "," "
"114"," "," "," "," "," "," "," "
"115","Enciso2016","CXCR4H","BcateninH"," ","FoxO3aH","CXCR4H","BcateninH"
"116"," ","ERKH","CXCR7H"," ","GSK3BH","NfkBH","CXCR7H"
"117"," ","FoxO3aH","GSK3BH"," ","CXCL12M","PI3KAktH","ERKH"
"118"," ","Gfi1H","TLRH"," ","ROSM","BcateninM","Gfi1H"
"119"," ","NfkBH","VLA4H"," ","PI3KAktM","FoxO3aM","ROSH"
"120"," ","PI3KAktH","Cx43M"," ","IL1","NfkBM","TLRH"
"121"," ","ROSH","ERKM"," ","GCSF","VCAM1M","VLA4H"
"122"," ","BcateninM","GSK3BM"," "," "," ","Cx43M"
"123"," ","CXCL12M","TLRM"," "," "," ","ERKM"
"124"," ","FoxO3aM","VCAM1M"," "," "," ","GSK3BM"
"125"," ","NfkBM","lTLR"," "," "," ","TLRM"
"126"," ","ROSM"," "," "," "," ","lTLR"
"127"," ","PI3KAktM"," "," "," "," "," "
"128"," ","IL1"," "," "," "," "," "
"129"," ","GCSF"," "," "," "," "," "
"130"," "," "," "," "," "," "," "
"131","Faure2006","Rb","CycD"," ","Cdc20","Rb","CycD"
"132"," ","E2F","CycE"," ","Cdh1","E2F","CycE"
"133"," ","CycA","Cdc20"," ","CycB","p27","CycA"
"134"," ","p27"," "," "," "," ","UbcH10"
"135"," ","Cdh1"," "," "," "," "," "
"136"," ","UbcH10"," "," "," "," "," "
"137"," ","CycB"," "," "," "," "," "
"138"," "," "," "," "," "," "," "
"139","Garcia-Gomez2017_ARF10groesserARF5","SCR","CK"," ","AUXIAA","CK","ARF10"
"140"," ","SHR","ARR1"," ","ARF","ARR1","ARF5"
"141"," ","WOX5","SHY2"," ","AUX","SHY2","SCR"
"142"," "," ","AUXIAA"," ","MIR166","SHR","MGP"
"143"," "," ","ARF"," ","PHB","JKD","CLE40"
"144"," "," ","ARF10"," "," ","WOX5"," "
"145"," "," ","ARF5"," "," "," "," "
"146"," "," ","AUX"," "," "," "," "
"147"," "," ","MIR166"," "," "," "," "
"148"," "," ","PHB"," "," "," "," "
"149"," "," ","JKD"," "," "," "," "
"150"," "," ","MGP"," "," "," "," "
"151"," "," ","CLE40"," "," "," "," "
"152"," "," "," "," "," "," "," "
"153","Giacomantonio2010","Fgf8","Pax6"," ","Sp8","Fgf8","Pax6"
"154"," ","Emx2","Coup_tfi"," "," ","Emx2"," "
"155"," ","Sp8"," "," "," ","Coup_tfi"," "
"156"," "," "," "," "," "," "," "
"157","Gupta2007"," ","tyrosinehydroxylase"," ","dopaminereceptor2","dopamine","tyrosinehydroxylase"
"158"," "," ","dopamine"," ","adenylatecyclase","dopaminereceptor1","COMT"
"159"," "," ","COMT"," ","packagingproteins","proteinkinaseA","phospholipaseC"
"160"," "," ","dopaminereceptor1"," "," ","Calcium","Calcineurin"
"161"," "," ","dopaminereceptor2"," "," ","DARPP32","proteinphosphatase1"
"162"," "," ","adenylatecyclase"," "," ","glutamatereceptor","glutamate"
"163"," "," ","proteinkinaseA"," "," "," ","exocytosis"
"164"," "," ","phospholipaseC"," "," "," "," "
"165"," "," ","Calcium"," "," "," "," "
"166"," "," ","Calcineurin"," "," "," "," "
"167"," "," ","DARPP32"," "," "," "," "
"168"," "," ","proteinphosphatase1"," "," "," "," "
"169"," "," ","glutamate"," "," "," "," "
"170"," "," ","glutamatereceptor"," "," "," "," "
"171"," "," ","packagingproteins"," "," "," "," "
"172"," "," ","exocytosis"," "," "," "," "
"173"," "," "," "," "," "," "," "
"174","Herrmann2012","canWnt","Bmp2"," ","canWnt","Nkx25","Bmp2"
"175"," ","IsI1","Dkk1"," ","Foxc12","Tbx1","Dkk1"
"176"," ","Mesp1","Fgf8"," ","Mesp1","Tbx5","Fgf8"
"177"," ","Nkx25","Foxc12"," ","exogenBMP2II"," ","GATAs"
"178"," ","Tbx5","GATAs"," ","exogenCanWntII"," ","IsI1"
"179"," "," ","Tbx1"," "," "," ","exogenBMP2I"
"180"," "," ","exogenBMP2I"," "," "," ","exogenCanWntI"
"181"," "," ","exogenBMP2II"," "," "," "," "
"182"," "," ","exogenCanWntI"," "," "," "," "
"183"," "," ","exogenCanWntII"," "," "," "," "
"184"," "," "," "," "," "," "," "
"185","Irons2009","SMBF","Cln3"," ","SMBF","Clb2","Cln3"
"186"," ","Clb5","Cln2"," ","Yhp1","SFF","Cln2"
"187"," ","Clb2","Yhp1"," ","Cdc20","CKI","Clb5"
"188"," ","SFF","FEAR"," ","Cdc14","B","FEAR"
"189"," ","Cdc20","MEN"," ","M","CD","MEN"
"190"," ","Cdc14","Swi5"," "," "," ","Swi5"
"191"," ","CKI"," "," "," "," ","Cdh1"
"192"," ","Cdh1"," "," "," "," ","S"
"193"," ","S"," "," "," "," "," "
"194"," ","B"," "," "," "," "," "
"195"," ","M"," "," "," "," "," "
"196"," ","CD"," "," "," "," "," "
"197"," "," "," "," "," "," "," "
"198","Klamt2006","ZAP70","CD45"," ","IKKbeta","Jun","CD45"
"199"," ","Lck","CD8"," ","Rsk","SLP76","CD8"
"200"," ","PLCgact","TCRlig"," ","LAT","TCRbind","TCRlig"
"201"," "," ","Jun"," ","DAG","cCbl","Nfkb"
"202"," "," ","Nfkb"," ","Calcin","ZAP70","Rlk"
"203"," "," ","IKKbeta"," ","Gads","Lck","AP1"
"204"," "," ","Rsk"," ","Raf","PLCgact","NFAT"
"205"," "," ","Rlk"," ","IP3"," ","CRE"
"206"," "," ","SLP76"," ","JNK"," ","Fyn"
"207"," "," ","TCRbind"," ","CREB"," ","Fos"
"208"," "," ","LAT"," ","Ras"," ","Itk"
"209"," "," ","DAG"," ","PKCth"," ","RasGRP1"
"210"," "," ","AP1"," ","ERK"," ","TCRphos"
"211"," "," ","Calcin"," ","MEK"," ","PLCgbind"
"212"," "," ","NFAT"," ","Ca"," ","PAGCsk"
"213"," "," ","Gads"," ","SEK"," ","Grb2Sos"
"214"," "," ","Raf"," ","IkB"," "," "
"215"," "," ","cCbl"," "," "," "," "
"216"," "," ","IP3"," "," "," "," "
"217"," "," ","CRE"," "," "," "," "
"218"," "," ","Fyn"," "," "," "," "
"219"," "," ","Fos"," "," "," "," "
"220"," "," ","JNK"," "," "," "," "
"221"," "," ","CREB"," "," "," "," "
"222"," "," ","Ras"," "," "," "," "
"223"," "," ","PKCth"," "," "," "," "
"224"," "," ","ERK"," "," "," "," "
"225"," "," ","Itk"," "," "," "," "
"226"," "," ","MEK"," "," "," "," "
"227"," "," ","RasGRP1"," "," "," "," "
"228"," "," ","Ca"," "," "," "," "
"229"," "," ","SEK"," "," "," "," "
"230"," "," ","TCRphos"," "," "," "," "
"231"," "," ","PLCgbind"," "," "," "," "
"232"," "," ","PAGCsk"," "," "," "," "
"233"," "," ","Grb2Sos"," "," "," "," "
"234"," "," ","IkB"," "," "," "," "
"235"," "," "," "," "," "," "," "
"236","Krumsiek2011","GATA2","FOG1"," ","GATA2","GATA1","FOG1"
"237"," ","GATA1","EKLF"," ","Fli1","EgrNab","EKLF"
"238"," ","CEBPa","Fli1"," ","CEBPa"," ","SCL"
"239"," ","PU1","SCL"," ","PU1"," ","cJun"
"240"," "," ","cJun"," ","Gfi1"," "," "
"241"," "," ","EgrNab"," "," "," "," "
"242"," "," ","Gfi1"," "," "," "," "
"243"," "," "," "," "," "," "," "
"244","MacLean2010"," ","GacSGacA"," "," ","GacSGacA","HrpV"
"245"," "," ","RpoN"," "," ","RpoN","HrpG"
"246"," "," ","HrpRS"," "," ","HrpRS"," "
"247"," "," ","HrpV"," "," ","HrpA"," "
"248"," "," ","HrpA"," "," ","HrpL"," "
"249"," "," ","HrpG"," "," "," "," "
"250"," "," ","HrpL"," "," "," "," "
"251"," "," "," "," "," "," "," "
"252","Marques-Pita2013","nhh","nWG"," ","nWG","nhh","WG"
"253"," ","wg","SLP"," ","SLP","wg","HH"
"254"," ","PTC","WG"," ","en","PTC","PH"
"255"," ","CIR","en"," ","EN","CI","SMO"
"256"," "," ","EN"," ","hh","CIA"," "
"257"," "," ","hh"," ","ptc","CIR"," "
"258"," "," ","HH"," ","ci"," "," "
"259"," "," ","ptc"," "," "," "," "
"260"," "," ","PH"," "," "," "," "
"261"," "," ","SMO"," "," "," "," "
"262"," "," ","ci"," "," "," "," "
"263"," "," ","CI"," "," "," "," "
"264"," "," ","CIA"," "," "," "," "
"265"," "," "," "," "," "," "," "
"266","Martinez-Sanchez2015","TBET"," "," ","TBET","IFNG","RORGT"
"267"," ","IFNG"," "," ","IL2","GATA3","IL10"
"268"," ","GATA3"," "," ","TGFB","IL4","BCL6"
"269"," ","IL2"," "," "," ","IL21","IL9"
"270"," ","IL4"," "," "," ","FOXP3"," "
"271"," ","RORGT"," "," "," "," "," "
"272"," ","IL21"," "," "," "," "," "
"273"," ","FOXP3"," "," "," "," "," "
"274"," ","TGFB"," "," "," "," "," "
"275"," ","IL10"," "," "," "," "," "
"276"," ","BCL6"," "," "," "," "," "
"277"," ","IL9"," "," "," "," "," "
"278"," "," "," "," "," "," "," "
"279","Mendez2016","Irf4","CD40L"," ","CD40L","Irf4","Ag"
"280"," ","Bcl6","IL4"," ","IL4","Blimp1","IL2"
"281"," ","Blimp1","Ag"," ","IL2R","Pax5","IL21"
"282"," ","Pax5","IL2"," ","BCR","NFkB","XBP1"
"283"," "," ","IL21"," ","ERK"," ","STAT5"
"284"," "," ","IL2R"," ","CD40"," ","Bach2"
"285"," "," ","XBP1"," ","STAT3"," ","Bcl6"
"286"," "," ","STAT5"," ","IL4R"," ","STAT6"
"287"," "," ","BCR"," ","IL21R"," ","AID"
"288"," "," ","Bach2"," "," "," "," "
"289"," "," ","ERK"," "," "," "," "
"290"," "," ","STAT6"," "," "," "," "
"291"," "," ","CD40"," "," "," "," "
"292"," "," ","STAT3"," "," "," "," "
"293"," "," ","IL4R"," "," "," "," "
"294"," "," ","IL21R"," "," "," "," "
"295"," "," ","AID"," "," "," "," "
"296"," "," ","NFkB"," "," "," "," "
"297"," "," "," "," "," "," "," "
"298","Mendez-Lopez2017","Snai2","TELase"," ","ESE2","Snai2","Cyclin"
"299"," ","ESE2","Rb"," ","p16","NFkB","TELase"
"300"," ","NFkB"," "," "," ","p53","Rb"
"301"," ","p16"," "," "," "," ","E2F"
"302"," ","p53"," "," "," "," "," "
"303"," ","Cyclin"," "," "," "," "," "
"304"," ","E2F"," "," "," "," "," "
"305"," "," "," "," "," "," "," "
"306","Mendoza2006","GATA3","IFNb"," ","STAT6","IL12R","IFNb"
"307"," ","Tbet","TCR"," ","IL4R","GATA3","TCR"
"308"," ","IFNg","IL18"," ","STAT3","Tbet","IL18"
"309"," "," ","IL12"," ","IL18R","SOCS1","IL12"
"310"," "," ","IRAK"," ","IFNg"," ","IRAK"
"311"," "," ","STAT6"," ","IFNgR"," ","NFAT"
"312"," "," ","IL12R"," ","STAT1"," ","STAT4"
"313"," "," ","IL4R"," ","IL10R"," ","JAK1"
"314"," "," ","NFAT"," ","IL10"," ","IL4"
"315"," "," ","STAT3"," "," "," ","IFNbR"
"316"," "," ","STAT4"," "," "," "," "
"317"," "," ","IL18R"," "," "," "," "
"318"," "," ","IFNgR"," "," "," "," "
"319"," "," ","SOCS1"," "," "," "," "
"320"," "," ","STAT1"," "," "," "," "
"321"," "," ","JAK1"," "," "," "," "
"322"," "," ","IL4"," "," "," "," "
"323"," "," ","IFNbR"," "," "," "," "
"324"," "," ","IL10R"," "," "," "," "
"325"," "," ","IL10"," "," "," "," "
"326"," "," "," "," "," "," "," "
"327","Meyer2017","DNAD","Oncogene"," ","Oncogene","p53","DNAD"
"328"," ","p53","Hypoxia"," ","p16INK4","p21","Hypoxia"
"329"," ","IkB","ATM"," ","CDK4","RB","ATM"
"330"," ","NFkB","CHK2"," ","IKK","E2F","CHK2"
"331"," ","IRAK","ATR"," ","NFkB","IkB","ATR"
"332"," ","cJun","CHK1"," ","IL1","TAB","CHK1"
"333"," ","cFos","HIF1"," ","IL1R","cJun","HIF1"
"334"," ","IL6","p21"," ","IRAK","cFos","CDK2"
"335"," ","STAT3","CDK2"," ","TRAF6","IL8","pRB"
"336"," "," ","RB"," ","TAK1","IL6","MDM2"
"337"," "," ","pRB"," ","MKK"," ","NEMO"
"338"," "," ","E2F"," ","AP1"," ","MyD88"
"339"," "," ","MDM2"," ","MKP1"," ","MEKK"
"340"," "," ","p16INK4"," ","PI3K"," ","JNK"
"341"," "," ","CDK4"," ","JAK"," ","p38"
"342"," "," ","NEMO"," ","Akt"," ","NIK"
"343"," "," ","IKK"," ","ERK1_2"," ","IL6R"
"344"," "," ","IL1"," ","Elk1"," ","GP130"
"345"," "," ","IL1R"," ","STAT3"," ","mTOR"
"346"," "," ","MyD88"," "," "," ","SOCS3"
"347"," "," ","TRAF6"," "," "," ","MEK1_2"
"348"," "," ","TAB"," "," "," ","CEBPbeta"
"349"," "," ","TAK1"," "," "," "," "
"350"," "," ","MEKK"," "," "," "," "
"351"," "," ","MKK"," "," "," "," "
"352"," "," ","JNK"," "," "," "," "
"353"," "," ","p38"," "," "," "," "
"354"," "," ","AP1"," "," "," "," "
"355"," "," ","MKP1"," "," "," "," "
"356"," "," ","IL8"," "," "," "," "
"357"," "," ","NIK"," "," "," "," "
"358"," "," ","IL6R"," "," "," "," "
"359"," "," ","GP130"," "," "," "," "
"360"," "," ","PI3K"," "," "," "," "
"361"," "," ","JAK"," "," "," "," "
"362"," "," ","Akt"," "," "," "," "
"363"," "," ","mTOR"," "," "," "," "
"364"," "," ","SOCS3"," "," "," "," "
"365"," "," ","MEK1_2"," "," "," "," "
"366"," "," ","ERK1_2"," "," "," "," "
"367"," "," ","Elk1"," "," "," "," "
"368"," "," ","CEBPbeta"," "," "," "," "
"369"," "," "," "," "," "," "," "
"370","Orlando2008","SBF","MBF"," ","SFF","MBF","YOX1"
"371"," ","CLN3","YOX1"," ","CLN3","SBF","HCM1"
"372"," "," ","HCM1"," "," ","ACE2","YHP1"
"373"," "," ","YHP1"," "," ","SWI5"," "
"374"," "," ","SFF"," "," "," "," "
"375"," "," ","ACE2"," "," "," "," "
"376"," "," ","SWI5"," "," "," "," "
"377"," "," "," "," "," "," "," "
"378","Ortiz-Gutierrez2015","CYCD31","CYCA23"," ","SCF","RBR","CYCD31"
"379"," ","SCF"," "," ","E2Fa","E2Fc","E2Fb"
"380"," ","RBR"," "," ","CYCA23","MYB77","E2Fe"
"381"," ","E2Fa"," "," ","APCC","MYB3R14","CYCB11"
"382"," ","E2Fb"," "," "," ","CDKB11","KRP1"
"383"," ","E2Fc"," "," "," "," "," "
"384"," ","E2Fe"," "," "," "," "," "
"385"," ","MYB77"," "," "," "," "," "
"386"," ","MYB3R14"," "," "," "," "," "
"387"," ","CYCB11"," "," "," "," "," "
"388"," ","CDKB11"," "," "," "," "," "
"389"," ","KRP1"," "," "," "," "," "
"390"," ","APCC"," "," "," "," "," "
"391"," "," "," "," "," "," "," "
"392","Rios2015","UGR","WT1pKTS"," ","UGR","WT1mKTS","CBX2"
"393"," ","CBX2","FGF9"," ","GATA4","NR5A1","WT1pKTS"
"394"," ","GATA4","PGD2"," ","FGF9","NR0B1","PGD2"
"395"," ","WT1mKTS","DMRT1"," ","DKK1","SRY","DMRT1"
"396"," ","NR5A1","DHH"," ","WNT4","SOX9","DHH"
"397"," ","NR0B1","DKK1"," ","FOXL2"," ","AMH"
"398"," ","SRY","RSPO1"," ","CTNNB1"," ","RSPO1"
"399"," ","SOX9"," "," "," "," "," "
"400"," ","AMH"," "," "," "," "," "
"401"," ","WNT4"," "," "," "," "," "
"402"," ","FOXL2"," "," "," "," "," "
"403"," ","CTNNB1"," "," "," "," "," "
"404"," "," "," "," "," "," "," "
"405","Saadatpour2011","DISC","CTLA4"," ","GPCR","CTLA4","TCR"
"406"," ","Apoptosis","TCR"," ","sFas","IFNG","CREB"
"407"," "," ","CREB"," ","Ceramide","Apoptosis","P2"
"408"," "," ","IFNG"," ","DISC"," ","SMAD"
"409"," "," ","P2"," ","Caspase"," ","Fas"
"410"," "," ","GPCR"," ","BID"," ","FLIP"
"411"," "," ","SMAD"," ","MCL1"," ","IAP"
"412"," "," ","Fas"," ","S1P"," "," "
"413"," "," ","sFas"," "," "," "," "
"414"," "," ","Ceramide"," "," "," "," "
"415"," "," ","Caspase"," "," "," "," "
"416"," "," ","FLIP"," "," "," "," "
"417"," "," ","BID"," "," "," "," "
"418"," "," ","IAP"," "," "," "," "
"419"," "," ","MCL1"," "," "," "," "
"420"," "," ","S1P"," "," "," "," "
"421"," "," "," "," "," "," "," "
"422","Sahin2009","p27","EGF"," ","ErbB2_3","CDK6","EGF"
"423"," ","CDK4","ErbB2_3"," ","ErbB1","p27","ErbB1_2"
"424"," ","CycD1","CDK6"," ","CycD1","CDK4","pRB"
"425"," ","cMYC","ErbB1_2"," ","cMYC","Akt1","CycE1"
"426"," ","Akt1","ErbB1"," "," ","MEK1","ErbB1_3"
"427"," ","MEK1","pRB"," "," ","ERa","ErbB3"
"428"," ","ERa","CycE1"," "," ","p21","IGF1R"
"429"," ","p21","ErbB1_3"," "," "," ","ErbB2"
"430"," "," ","ErbB3"," "," "," ","CDK2"
"431"," "," ","IGF1R"," "," "," "," "
"432"," "," ","ErbB2"," "," "," "," "
"433"," "," ","CDK2"," "," "," "," "
"434"," "," "," "," "," "," "," "
"435","Sankar2011","AuxREs","BRX"," ","BRX","AUXIAA","NGA1"
"436"," "," ","NGA1"," ","ARFi","AuxREs","IAABiosynthesis"
"437"," "," ","ARFi"," ","ARFa","IAA","PIN"
"438"," "," ","IAABiosynthesis"," ","SCFTir1","BZR1","Elongation"
"439"," "," ","ARFa"," ","BR","BRREs","BRBiosynthesis"
"440"," "," ","AUXIAA"," ","BRI1BAK1"," ","StimAux"
"441"," "," ","IAA"," ","BIN2"," ","StimBR"
"442"," "," ","PIN"," ","BES1BZR2"," "," "
"443"," "," ","SCFTir1"," "," "," "," "
"444"," "," ","Elongation"," "," "," "," "
"445"," "," ","BR"," "," "," "," "
"446"," "," ","BRI1BAK1"," "," "," "," "
"447"," "," ","BIN2"," "," "," "," "
"448"," "," ","BES1BZR2"," "," "," "," "
"449"," "," ","BZR1"," "," "," "," "
"450"," "," ","BRREs"," "," "," "," "
"451"," "," ","BRBiosynthesis"," "," "," "," "
"452"," "," ","StimAux"," "," "," "," "
"453"," "," ","StimBR"," "," "," "," "
"454"," "," "," "," "," "," "," "
"455","Siegle2018","Wnt","axin"," ","GSK3b","axin","Wnt"
"456"," ","GSK3b","DC"," ","DC","Rho","TCF"
"457"," ","Rho","bcatenin"," ","bcatenin","Rac","FoxO"
"458"," ","Rac","TCF"," ","Akt","PKC","MEKK1"
"459"," ","PI3K","FoxO"," ","TSC2","PI3K","JNK"
"460"," ","Akt","MEKK1"," ","Raf","mTORC2","IGF"
"461"," ","mTORC2","JNK"," ","ERK"," ","IRS"
"462"," "," ","PKC"," "," "," ","mTORC1"
"463"," "," ","IGF"," "," "," ","S6K"
"464"," "," ","IRS"," "," "," ","Ras"
"465"," "," ","TSC2"," "," "," "," "
"466"," "," ","mTORC1"," "," "," "," "
"467"," "," ","S6K"," "," "," "," "
"468"," "," ","Ras"," "," "," "," "
"469"," "," ","Raf"," "," "," "," "
"470"," "," ","ERK"," "," "," "," "
"471"," "," "," "," "," "," "," "
"472","Sridharan2012","ROS","Stress"," ","Ras","ROS","Stress"
"473"," "," ","Ras"," ","PTEN","p53","Bach1"
"474"," "," ","PTEN"," ","ATM","Mdm2","PKC"
"475"," "," ","ATM"," ","PIP3","Bad","GSK3b"
"476"," "," ","Bach1"," ","PI3K","ARE","Bcl2"
"477"," "," ","PKC"," ","PIP2","Nrf2","Keap1"
"478"," "," ","PIP3"," ","Akt"," "," "
"479"," "," ","PI3K"," "," "," "," "
"480"," "," ","PIP2"," "," "," "," "
"481"," "," ","Akt"," "," "," "," "
"482"," "," ","GSK3b"," "," "," "," "
"483"," "," ","p53"," "," "," "," "
"484"," "," ","Mdm2"," "," "," "," "
"485"," "," ","Bad"," "," "," "," "
"486"," "," ","Bcl2"," "," "," "," "
"487"," "," ","Keap1"," "," "," "," "
"488"," "," ","ARE"," "," "," "," "
"489"," "," ","Nrf2"," "," "," "," "
"490"," "," "," "," "," "," "," "
"491","Sun2014"," ","pmar1"," ","pmar1","hesC","gcm"
"492"," "," ","hesC"," ","delta","ets1","hox11_13b"
"493"," "," ","delta"," ","aNotch","alx1"," "
"494"," "," ","ets1"," "," "," "," "
"495"," "," ","alx1"," "," "," "," "
"496"," "," ","gcm"," "," "," "," "
"497"," "," ","aNotch"," "," "," "," "
"498"," "," ","hox11_13b"," "," "," "," "
"499"," "," "," "," "," "," "," "
"500","Thakar2012","IgG","NE"," ","DCI","IgG","NE"
"501"," ","IFNgI","DP"," ","Th2II","BC","DP"
"502"," ","MPI","IL12I"," ","IL4I","IFNgI","IL12I"
"503"," ","IL12II","Th1I"," ","Th1II","IFNgII","Th1I"
"504"," ","T0","BC"," ","PH","MPI","Oag"
"505"," ","PIC","DCI"," ","PIC","IL12II","TTSSII"
"506"," ","IL10I","Oag"," ","IL10I","T0","Th2I"
"507"," ","IL4II","TTSSII"," ","DCII","IL4II","IL10II"
"508"," ","DCII","IFNgII"," ","TrII","AP","AgAb"
"509"," ","AP","Th2II"," ","TrI","Bb","IgA"
"510"," ","Bb","Th2I"," ","TTSSI"," ","EC"
"511"," ","IgA","IL4I"," "," "," ","C"
"512"," ","TTSSI","IL10II"," "," "," "," "
"513"," "," ","Th1II"," "," "," "," "
"514"," "," ","AgAb"," "," "," "," "
"515"," "," ","PH"," "," "," "," "
"516"," "," ","TrII"," "," "," "," "
"517"," "," ","TrI"," "," "," "," "
"518"," "," ","EC"," "," "," "," "
"519"," "," ","C"," "," "," "," "
"520"," "," "," "," "," "," "," "
"521","Todd2012","Sic1","SpindleCP"," ","SMBF","FEAR","SpindleCP"
"522"," ","Cdc20","Size"," ","Yhp1","Cln2","Size"
"523"," ","Clb2","BuddingCP"," ","Whi5","Cln3","BuddingCP"
"524"," ","Swi5","Start"," "," ","Cdc20","Start"
"525"," "," ","SMBF"," "," ","MEN","Sic1"
"526"," "," ","Clb5"," "," ","Clb2","Clb5"
"527"," "," ","Yhp1"," "," ","Cdc14","Swe1"
"528"," "," ","FEAR"," "," "," ","SFF"
"529"," "," ","Cln2"," "," "," ","Swi5"
"530"," "," ","Whi5"," "," "," ","Cdh1"
"531"," "," ","Swe1"," "," "," "," "
"532"," "," ","Cln3"," "," "," "," "
"533"," "," ","MEN"," "," "," "," "
"534"," "," ","SFF"," "," "," "," "
"535"," "," ","Cdh1"," "," "," "," "
"536"," "," ","Cdc14"," "," "," "," "
"537"," "," "," "," "," "," "," "
"538","Yousefi2013","WNT5A","pirin"," ","S100P","WNT5A","pirin"
"539"," ","RET1","S100P"," "," ","RET1","MART1"
"540"," ","synuclein","MMP3"," "," ","MMP3","HADHB"
"541"," "," ","PHOC"," "," ","PHOC"," "
"542"," "," ","MART1"," "," ","synuclein"," "
"543"," "," ","HADHB"," "," ","STC2"," "
"544"," "," ","STC2"," "," "," "," "
"545"," "," "," "," "," "," "," "
